member_casual,rides,avg_duration_min,median_duration_min,ride_share_pct
casual,500582,21.950448611149955,12.2,30.324666119841865
member,1150160,12.245039632167119,8.516666666666667,69.67533388015814
