year,member_casual,rides,avg_duration_min
2024,casual,500582,21.950448611149955
2024,member,1150160,12.245039632167119
